case_id,damage_present,notch_x,notch_depth,notch_width,length,density,youngs_modulus
0001,y,1.7696818181818181,0.0006000000000000001,0.00025714285714285715,3.0,2700.0,70000000000.0
0002,y,1.6709545454545456,0.0007,0.0012,3.0,2700.0,70000000000.0
0003,y,1.7367727272727274,0.0001,0.0012,3.0,2700.0,70000000000.0
0004,y,1.8025909090909091,0.0005,0.00025714285714285715,3.0,2700.0,70000000000.0
0005,y,1.8355,0.0005,0.0005714285714285715,3.0,2700.0,70000000000.0
0006,y,1.7696818181818181,0.00039999999999999996,0.00025714285714285715,3.0,2700.0,70000000000.0
0007,y,1.7532272727272726,0.00039999999999999996,0.0007285714285714286,3.0,2700.0,70000000000.0
0008,y,1.6874090909090909,0.0007999999999999999,0.00041428571428571426,3.0,2700.0,70000000000.0
0009,y,1.7038636363636364,0.0005,0.00041428571428571426,3.0,2705.2022000783577,69993687147.57718
0010,y,1.6874090909090909,0.001,0.0012,3.0,2700.0,70000000000.0
0011,y,1.7367727272727274,0.0007,0.001042857142857143,3.0,2698.7426034193013,69985085946.1058
0012,y,1.6545,0.0007,0.0008857142857142857,3.0,2700.0,70000000000.0
0013,y,1.7696818181818181,0.0001,0.0008857142857142857,3.0,2700.0,70000000000.0
0014,y,1.6709545454545456,0.0001,0.00041428571428571426,3.0,2700.0,70000000000.0
0015,y,1.8355,0.0005,0.0008857142857142857,3.0,2700.0,70000000000.0
0016,y,1.7532272727272726,0.0007,0.0001,3.0,2700.0,70000000000.0
0017,y,1.6709545454545456,0.0001,0.0008857142857142857,3.0,2700.0,70000000000.0
0018,y,1.7532272727272726,0.0001,0.001042857142857143,3.0,2700.0,70000000000.0
0019,y,1.8355,0.00019999999999999998,0.00025714285714285715,3.0,2700.0,70000000000.0
0020,y,1.7861363636363636,0.0007,0.00041428571428571426,3.0,2700.0,70000000000.0
0021,y,1.8025909090909091,0.0001,0.001042857142857143,3.0,2700.0,70000000000.0
0022,y,1.8025909090909091,0.001,0.001042857142857143,3.0,2700.0,70000000000.0
0023,y,1.7861363636363636,0.0006000000000000001,0.0012,3.0,2700.0,70000000000.0
0024,y,1.7367727272727274,0.0005,0.0007285714285714286,3.0,2700.0,70000000000.0
0025,y,1.7367727272727274,0.0006000000000000001,0.001042857142857143,3.0,2700.0,70000000000.0
0026,y,1.6545,0.001,0.0007285714285714286,3.0,2700.0,70000000000.0
0027,y,1.6709545454545456,0.0003,0.0001,3.0,2700.0,70000000000.0
0028,y,1.7696818181818181,0.0005,0.0012,3.0,2700.0,70000000000.0
0029,y,1.6709545454545456,0.001,0.00041428571428571426,3.0,2700.0,70000000000.0
0030,y,1.7038636363636364,0.00039999999999999996,0.0007285714285714286,3.0,2700.0,70000000000.0
0031,y,1.6874090909090909,0.00039999999999999996,0.001042857142857143,3.0,2700.0,70000000000.0
0032,y,1.7203181818181819,0.00039999999999999996,0.0012,3.0,2700.0,70000000000.0
0033,y,1.7367727272727274,0.0009,0.0005714285714285715,3.0,2700.0,70000000000.0
0034,y,1.8025909090909091,0.001,0.0007285714285714286,3.0,2700.0,70000000000.0
0035,y,1.8025909090909091,0.001,0.0005714285714285715,3.0,2700.0,70000000000.0
0036,y,1.8025909090909091,0.0003,0.0012,3.0,2700.0,70000000000.0
0037,y,1.7203181818181819,0.0001,0.0001,3.0,2700.0,70000000000.0
0038,y,1.8025909090909091,0.0003,0.0008857142857142857,3.0,2700.0,70000000000.0
0039,y,1.7696818181818181,0.0007999999999999999,0.0012,3.0,2700.0,70000000000.0
0040,y,1.7861363636363636,0.0009,0.0012,3.0,2700.0,70000000000.0
0041,y,1.7861363636363636,0.0005,0.0008857142857142857,3.0,2700.0,70000000000.0
0042,y,1.8355,0.001,0.0007285714285714286,3.0,2700.0,70000000000.0
0043,y,1.7203181818181819,0.0007999999999999999,0.0012,3.0,2700.0,70000000000.0
0044,y,1.7038636363636364,0.0006000000000000001,0.001042857142857143,3.0,2700.0,70000000000.0
0045,y,1.7532272727272726,0.0007999999999999999,0.00041428571428571426,3.0,2700.0,70000000000.0
0046,y,1.7367727272727274,0.001,0.00041428571428571426,3.0,2700.0,70000000000.0
0047,y,1.7861363636363636,0.0007999999999999999,0.001042857142857143,3.0,2700.0,70000000000.0
0048,y,1.7861363636363636,0.0007,0.0008857142857142857,3.0,2700.0,70000000000.0
0049,y,1.6874090909090909,0.0007999999999999999,0.0005714285714285715,3.0,2700.0,70000000000.0
0050,y,1.8025909090909091,0.0007,0.00025714285714285715,3.0,2700.0,70000000000.0
0051,y,1.6709545454545456,0.0006000000000000001,0.0012,3.0,2700.0,70000000000.0
0052,y,1.6709545454545456,0.0009,0.001042857142857143,3.0,2700.0,70000000000.0
0053,y,1.7861363636363636,0.0009,0.0007285714285714286,3.0,2700.0,70000000000.0
0054,y,1.6874090909090909,0.0003,0.00041428571428571426,3.0,2700.0,70000000000.0
0055,y,1.6709545454545456,0.0009,0.0012,3.0,2700.0,70000000000.0
0056,y,1.7696818181818181,0.0005,0.0007285714285714286,3.0,2700.0,70000000000.0
0057,y,1.8190454545454544,0.0006000000000000001,0.0012,3.0,2700.0,70000000000.0
0058,y,1.6709545454545456,0.001,0.001042857142857143,3.0,2700.0,70000000000.0
0059,y,1.7532272727272726,0.00039999999999999996,0.0008857142857142857,3.0,2700.0,70000000000.0
0060,y,1.7532272727272726,0.0005,0.0001,3.0,2700.0,70000000000.0
0061,y,1.7696818181818181,0.00039999999999999996,0.0005714285714285715,3.0,2700.0,70000000000.0
0062,y,1.7532272727272726,0.00039999999999999996,0.00025714285714285715,3.0,2696.024998870068,69976318880.6765
0063,y,1.7696818181818181,0.001,0.0012,3.0,2700.0,70000000000.0
0064,y,1.7203181818181819,0.00019999999999999998,0.0007285714285714286,3.0,2700.0,70000000000.0
0065,y,1.7532272727272726,0.0009,0.0012,3.0,2700.0,70000000000.0
0066,y,1.8190454545454544,0.001,0.00025714285714285715,3.0,2700.0,70000000000.0
0067,y,1.8025909090909091,0.001,0.00041428571428571426,3.0,2697.34813796593,69860844332.0455
0068,y,1.7861363636363636,0.0003,0.00041428571428571426,3.0,2700.0,70000000000.0
0069,y,1.7203181818181819,0.001,0.0001,3.0,2699.1759317556093,70056107765.8672
0070,y,1.7203181818181819,0.0003,0.0001,3.0,2700.0,70000000000.0
0071,y,1.7203181818181819,0.0007,0.0001,3.0,2704.257559209655,70136118429.46304
0072,y,1.7861363636363636,0.0007,0.001042857142857143,3.0,2700.0,70000000000.0
0073,y,1.6874090909090909,0.0005,0.001042857142857143,3.0,2700.0,70000000000.0
0074,y,1.7532272727272726,0.0001,0.00025714285714285715,3.0,2700.0,70000000000.0
0075,y,1.8190454545454544,0.00019999999999999998,0.0005714285714285715,3.0,2700.0,70000000000.0
0076,y,1.6545,0.0005,0.001042857142857143,3.0,2700.0,70000000000.0
0077,y,1.6874090909090909,0.0007,0.00025714285714285715,3.0,2700.0,70000000000.0
0078,y,1.7861363636363636,0.0006000000000000001,0.00041428571428571426,3.0,2700.0,70000000000.0
0079,y,1.6874090909090909,0.0006000000000000001,0.0008857142857142857,3.0,2700.0,70000000000.0
0080,y,1.8355,0.00019999999999999998,0.0005714285714285715,3.0,2700.0,70000000000.0
0081,y,1.7367727272727274,0.0001,0.001042857142857143,3.0,2700.0,70000000000.0
0082,y,1.8190454545454544,0.0005,0.0007285714285714286,3.0,2700.0,70000000000.0
0083,y,1.7532272727272726,0.00019999999999999998,0.00025714285714285715,3.0,2700.0,70000000000.0
0084,y,1.6709545454545456,0.0007,0.00025714285714285715,3.0,2705.0127592649114,70104875042.07346
0085,y,1.8355,0.0009,0.00025714285714285715,3.0,2700.0,70000000000.0
0086,y,1.7038636363636364,0.001,0.0001,3.0,2700.0,70000000000.0
0087,y,1.6709545454545456,0.0001,0.0005714285714285715,3.0,2700.0,70000000000.0
0088,y,1.8190454545454544,0.0003,0.0012,3.0,2700.0,70000000000.0
0089,y,1.7696818181818181,0.001,0.0007285714285714286,3.0,2700.0,70000000000.0
0090,y,1.7038636363636364,0.0007,0.0005714285714285715,3.0,2700.0,70000000000.0
0091,y,1.6545,0.00019999999999999998,0.0008857142857142857,3.0,2700.0,70000000000.0
0092,y,1.7038636363636364,0.0007999999999999999,0.0001,3.0,2700.0,70000000000.0
0093,y,1.7038636363636364,0.001,0.0008857142857142857,3.0,2700.0,70000000000.0
0094,y,1.8025909090909091,0.0001,0.0008857142857142857,3.0,2700.0,70000000000.0
0095,y,1.6709545454545456,0.0003,0.0007285714285714286,3.0,2700.0,70000000000.0
0096,y,1.8025909090909091,0.00039999999999999996,0.0007285714285714286,3.0,2700.0,70000000000.0
0097,y,1.7203181818181819,0.00019999999999999998,0.00041428571428571426,3.0,2700.0,70000000000.0
0098,y,1.6874090909090909,0.0006000000000000001,0.00041428571428571426,3.0,2700.0,70000000000.0
0099,y,1.7861363636363636,0.0009,0.0001,3.0,2700.0,70000000000.0
0100,y,1.6545,0.001,0.0005714285714285715,3.0,2700.0,70000000000.0
0101,y,1.8355,0.0009,0.0008857142857142857,3.0,2700.0,70000000000.0
0102,y,1.7532272727272726,0.00019999999999999998,0.0001,3.0,2700.0,70000000000.0
0103,y,1.7038636363636364,0.00039999999999999996,0.0005714285714285715,3.0,2700.0,70000000000.0
0104,y,1.7532272727272726,0.00039999999999999996,0.0012,3.0,2700.0,70000000000.0
0105,y,1.6874090909090909,0.0001,0.0008857142857142857,3.0,2701.7301350066646,70032178498.0185
0106,y,1.6709545454545456,0.0007999999999999999,0.0007285714285714286,3.0,2700.0,70000000000.0
0107,y,1.7203181818181819,0.0007999999999999999,0.0007285714285714286,3.0,2700.0,70000000000.0
0108,y,1.7861363636363636,0.0001,0.00041428571428571426,3.0,2700.0,70000000000.0
0109,y,1.6545,0.0009,0.0007285714285714286,3.0,2701.0145967927774,69985003498.5496
0110,y,1.6874090909090909,0.0003,0.0007285714285714286,3.0,2700.0,70000000000.0
0111,y,1.7367727272727274,0.0005,0.00041428571428571426,3.0,2700.0,70000000000.0
0112,y,1.6545,0.0007,0.0012,3.0,2700.0,70000000000.0
0113,y,1.8355,0.0003,0.001042857142857143,3.0,2699.3407983640645,70011132746.49408
0114,y,1.8355,0.0007999999999999999,0.00041428571428571426,3.0,2700.0,70000000000.0
0115,y,1.7696818181818181,0.0003,0.0001,3.0,2700.0,70000000000.0
0116,y,1.7367727272727274,0.0006000000000000001,0.0008857142857142857,3.0,2700.0,70000000000.0
0117,y,1.7203181818181819,0.0003,0.0008857142857142857,3.0,2700.0,70000000000.0
0118,y,1.7861363636363636,0.0005,0.0007285714285714286,3.0,2700.0,70000000000.0
0119,y,1.8025909090909091,0.00039999999999999996,0.00041428571428571426,3.0,2700.0,70000000000.0
0120,y,1.8025909090909091,0.00019999999999999998,0.0001,3.0,2700.0,70000000000.0
0121,y,1.6709545454545456,0.0005,0.00025714285714285715,3.0,2700.0,70000000000.0
0122,y,1.7696818181818181,0.00039999999999999996,0.0008857142857142857,3.0,2700.0,70000000000.0
0123,y,1.6874090909090909,0.0003,0.00025714285714285715,3.0,2700.0,70000000000.0
0124,y,1.8355,0.00039999999999999996,0.001042857142857143,3.0,2700.0,70000000000.0
0125,y,1.7861363636363636,0.0007999999999999999,0.00041428571428571426,3.0,2700.0,70000000000.0
0126,y,1.7367727272727274,0.00019999999999999998,0.0012,3.0,2700.0,70000000000.0
0127,y,1.7203181818181819,0.00019999999999999998,0.001042857142857143,3.0,2700.0,70000000000.0
0128,y,1.6709545454545456,0.0001,0.0007285714285714286,3.0,2700.0,70000000000.0
0129,y,1.7203181818181819,0.0005,0.00041428571428571426,3.0,2700.0,70000000000.0
0130,y,1.8025909090909091,0.0006000000000000001,0.0001,3.0,2700.0,70000000000.0
0131,y,1.7861363636363636,0.00019999999999999998,0.0007285714285714286,3.0,2700.0,70000000000.0
0132,y,1.6709545454545456,0.0007,0.0008857142857142857,3.0,2700.0,70000000000.0
0133,y,1.7038636363636364,0.0007,0.0007285714285714286,3.0,2700.0,70000000000.0
0134,y,1.7367727272727274,0.0009,0.0008857142857142857,3.0,2700.0,70000000000.0
0135,y,1.7532272727272726,0.00019999999999999998,0.0005714285714285715,3.0,2700.0,70000000000.0
0136,y,1.8025909090909091,0.0001,0.0001,3.0,2698.319680161544,70040128498.28583
0137,y,1.6709545454545456,0.00019999999999999998,0.0005714285714285715,3.0,2700.0,70000000000.0
0138,y,1.8190454545454544,0.0007999999999999999,0.0008857142857142857,3.0,2700.0,70000000000.0
0139,y,1.6709545454545456,0.001,0.00025714285714285715,3.0,2700.0,70000000000.0
0140,y,1.8025909090909091,0.001,0.00025714285714285715,3.0,2700.0,70000000000.0
0141,y,1.7038636363636364,0.0003,0.0007285714285714286,3.0,2700.0,70000000000.0
0142,y,1.6545,0.0001,0.0005714285714285715,3.0,2700.0,70000000000.0
0143,y,1.8190454545454544,0.0007,0.00041428571428571426,3.0,2700.0,70000000000.0
0144,y,1.7367727272727274,0.00039999999999999996,0.0007285714285714286,3.0,2700.0,70000000000.0
0145,y,1.8190454545454544,0.0007999999999999999,0.0005714285714285715,3.0,2700.0,70000000000.0
0146,y,1.7203181818181819,0.0007,0.0008857142857142857,3.0,2700.0,70000000000.0
0147,y,1.7861363636363636,0.001,0.0005714285714285715,3.0,2700.0,70000000000.0
0148,y,1.8355,0.0007999999999999999,0.0007285714285714286,3.0,2700.0,70000000000.0
0149,y,1.7038636363636364,0.00019999999999999998,0.00025714285714285715,3.0,2699.0569168809957,69976622202.66492
0150,y,1.6545,0.0007,0.0005714285714285715,3.0,2700.0,70000000000.0
0151,y,1.7532272727272726,0.0007999999999999999,0.0001,3.0,2700.0,70000000000.0
0152,y,1.8355,0.0007,0.001042857142857143,3.0,2700.0,70000000000.0
0153,y,1.7203181818181819,0.0003,0.0012,3.0,2700.0,70000000000.0
0154,y,1.7861363636363636,0.001,0.0007285714285714286,3.0,2699.457697718956,69963901698.18617
0155,y,1.7367727272727274,0.0003,0.00025714285714285715,3.0,2700.0,70000000000.0
0156,y,1.8025909090909091,0.00019999999999999998,0.001042857142857143,3.0,2700.0,70000000000.0
0157,y,1.6545,0.0001,0.0007285714285714286,3.0,2698.6734141295824,70029391444.9872
0158,y,1.8025909090909091,0.00019999999999999998,0.0007285714285714286,3.0,2695.3860707464232,70085302172.99815
0159,y,1.7367727272727274,0.00039999999999999996,0.0001,3.0,2700.0,70000000000.0
0160,y,1.7038636363636364,0.0003,0.00025714285714285715,3.0,2700.0,70000000000.0
0161,y,1.7367727272727274,0.0005,0.001042857142857143,3.0,2700.0,70000000000.0
0162,y,1.7696818181818181,0.0003,0.001042857142857143,3.0,2700.0,70000000000.0
0163,y,1.7038636363636364,0.0005,0.0001,3.0,2700.0,70000000000.0
0164,y,1.7367727272727274,0.0005,0.0012,3.0,2700.0,70000000000.0
0165,y,1.6874090909090909,0.0007,0.0007285714285714286,3.0,2700.0,70000000000.0
0166,y,1.7038636363636364,0.001,0.001042857142857143,3.0,2700.0,70000000000.0
0167,y,1.7203181818181819,0.001,0.0005714285714285715,3.0,2700.0,70000000000.0
0168,y,1.6709545454545456,0.001,0.0005714285714285715,3.0,2700.0,70000000000.0
0169,y,1.7038636363636364,0.00019999999999999998,0.001042857142857143,3.0,2700.0,70000000000.0
0170,y,1.8355,0.0001,0.0007285714285714286,3.0,2700.0,70000000000.0
0171,y,1.6874090909090909,0.0001,0.00041428571428571426,3.0,2700.0,70000000000.0
0172,y,1.8025909090909091,0.0007999999999999999,0.00041428571428571426,3.0,2700.0,70000000000.0
0173,y,1.7696818181818181,0.0007,0.0001,3.0,2700.0,70000000000.0
0174,y,1.6874090909090909,0.0007,0.0001,3.0,2700.0,70000000000.0
0175,y,1.6545,0.00039999999999999996,0.0012,3.0,2700.0,70000000000.0
0176,y,1.8355,0.0007,0.0001,3.0,2700.0,70000000000.0
0177,y,1.7532272727272726,0.0005,0.0005714285714285715,3.0,2700.0,70000000000.0
0178,y,1.6545,0.0003,0.0008857142857142857,3.0,2700.0,70000000000.0
0179,y,1.8190454545454544,0.0009,0.0007285714285714286,3.0,2700.0,70000000000.0
0180,y,1.7367727272727274,0.00039999999999999996,0.0005714285714285715,3.0,2700.0,70000000000.0
0181,y,1.7696818181818181,0.0005,0.00025714285714285715,3.0,2700.0,70000000000.0
0182,y,1.7203181818181819,0.001,0.00025714285714285715,3.0,2700.0,70000000000.0
0183,y,1.7367727272727274,0.001,0.0005714285714285715,3.0,2700.0,70000000000.0
0184,y,1.6545,0.0009,0.00025714285714285715,3.0,2700.0,70000000000.0
0185,y,1.8025909090909091,0.0009,0.001042857142857143,3.0,2700.0,70000000000.0
0186,y,1.6874090909090909,0.0006000000000000001,0.001042857142857143,3.0,2700.0,70000000000.0
0187,y,1.7532272727272726,0.0005,0.00025714285714285715,3.0,2700.0,70000000000.0
0188,y,1.7038636363636364,0.0007,0.0008857142857142857,3.0,2700.0,70000000000.0
0189,y,1.8025909090909091,0.0003,0.0007285714285714286,3.0,2700.0,70000000000.0
0190,y,1.7367727272727274,0.001,0.001042857142857143,3.0,2703.9321162878705,70067550666.04062
0191,y,1.7861363636363636,0.0007,0.0012,3.0,2700.5757648862555,70023528931.75304
0192,y,1.7532272727272726,0.0003,0.00041428571428571426,3.0,2700.0,70000000000.0
0193,y,1.7861363636363636,0.0007999999999999999,0.0007285714285714286,3.0,2700.0,70000000000.0
0194,y,1.8190454545454544,0.0007,0.0012,3.0,2700.0,70000000000.0
0195,y,1.7367727272727274,0.0009,0.0007285714285714286,3.0,2700.0,70000000000.0
0196,y,1.7038636363636364,0.0003,0.00041428571428571426,3.0,2700.0,70000000000.0
0197,y,1.6874090909090909,0.00039999999999999996,0.00041428571428571426,3.0,2700.0,70000000000.0
0198,y,1.7038636363636364,0.001,0.00025714285714285715,3.0,2700.0,70000000000.0
0199,y,1.8025909090909091,0.0005,0.0001,3.0,2700.0,70000000000.0
0200,y,1.7367727272727274,0.00019999999999999998,0.001042857142857143,3.0,2700.0,70000000000.0
0201,y,1.8025909090909091,0.00019999999999999998,0.0012,3.0,2700.0,70000000000.0
0202,y,1.7367727272727274,0.0007,0.00025714285714285715,3.0,2700.0,70000000000.0
0203,y,1.7367727272727274,0.0001,0.0001,3.0,2700.0,70000000000.0
0204,y,1.6709545454545456,0.0003,0.001042857142857143,3.0,2700.0,70000000000.0
0205,y,1.7532272727272726,0.0005,0.00041428571428571426,3.0,2700.0,70000000000.0
0206,y,1.6545,0.0003,0.0012,3.0,2700.0,70000000000.0
0207,y,1.7696818181818181,0.00039999999999999996,0.0007285714285714286,3.0,2700.0,70000000000.0
0208,y,1.8355,0.001,0.0012,3.0,2700.0,70000000000.0
0209,y,1.8190454545454544,0.0005,0.0005714285714285715,3.0,2700.0,70000000000.0
0210,y,1.7861363636363636,0.0001,0.0007285714285714286,3.0,2700.0,70000000000.0
0211,y,1.6874090909090909,0.00039999999999999996,0.0008857142857142857,3.0,2700.0,70000000000.0
0212,y,1.7861363636363636,0.0005,0.001042857142857143,3.0,2700.0,70000000000.0
0213,y,1.7861363636363636,0.0001,0.0008857142857142857,3.0,2700.0,70000000000.0
0214,y,1.7367727272727274,0.0009,0.00025714285714285715,3.0,2700.0,70000000000.0
0215,y,1.6874090909090909,0.0005,0.0012,3.0,2700.0,70000000000.0
0216,y,1.7532272727272726,0.00019999999999999998,0.0012,3.0,2703.434355837231,69873584030.375
0217,y,1.6874090909090909,0.0009,0.0001,3.0,2696.084908529367,70036596461.42125
0218,y,1.7696818181818181,0.00039999999999999996,0.0001,3.0,2696.2311201818193,69921241508.28723
0219,y,1.7861363636363636,0.0006000000000000001,0.0008857142857142857,3.0,2700.0,70000000000.0
0220,y,1.6545,0.001,0.0012,3.0,2701.487468791015,70121493041.90744
0221,y,1.7696818181818181,0.00019999999999999998,0.0001,3.0,2700.0,70000000000.0
0222,y,1.7532272727272726,0.0007,0.001042857142857143,3.0,2700.0,70000000000.0
0223,y,1.7696818181818181,0.00039999999999999996,0.00041428571428571426,3.0,2700.3478948381376,69975174782.30087
0224,y,1.8190454545454544,0.0007999999999999999,0.0007285714285714286,3.0,2702.399681393558,70010006668.8187
0225,y,1.6545,0.0007999999999999999,0.00041428571428571426,3.0,2700.0,70000000000.0
0226,y,1.7367727272727274,0.0001,0.00041428571428571426,3.0,2700.0,70000000000.0
0227,y,1.7038636363636364,0.0006000000000000001,0.00041428571428571426,3.0,2700.0,70000000000.0
0228,y,1.6874090909090909,0.0007,0.0012,3.0,2700.0,70000000000.0
0229,y,1.8355,0.00039999999999999996,0.0012,3.0,2700.0,70000000000.0
0230,y,1.6709545454545456,0.0006000000000000001,0.0005714285714285715,3.0,2700.0,70000000000.0
0231,y,1.7696818181818181,0.0003,0.0005714285714285715,3.0,2700.0,70000000000.0
0232,y,1.8355,0.0001,0.0012,3.0,2700.0,70000000000.0
0233,y,1.6874090909090909,0.00019999999999999998,0.0001,3.0,2700.0,70000000000.0
0234,y,1.8190454545454544,0.0005,0.0012,3.0,2700.0,70000000000.0
0235,y,1.6545,0.0006000000000000001,0.0001,3.0,2700.0,70000000000.0
0236,y,1.7203181818181819,0.0007999999999999999,0.00025714285714285715,3.0,2700.0,70000000000.0
0237,y,1.6874090909090909,0.0001,0.0001,3.0,2700.0,70000000000.0
0238,y,1.7367727272727274,0.0007,0.0001,3.0,2704.9604161768043,69988519368.75433
0239,y,1.7203181818181819,0.0006000000000000001,0.0008857142857142857,3.0,2700.0,70000000000.0
0240,y,1.8190454545454544,0.0001,0.00041428571428571426,3.0,2700.0,70000000000.0
0241,y,1.7367727272727274,0.00019999999999999998,0.0005714285714285715,3.0,2700.0,70000000000.0
0242,y,1.6874090909090909,0.0009,0.0008857142857142857,3.0,2700.0,70000000000.0
0243,y,1.7038636363636364,0.00019999999999999998,0.0008857142857142857,3.0,2705.310086817062,70041970446.5023
0244,y,1.7038636363636364,0.0007999999999999999,0.0007285714285714286,3.0,2698.9770056195266,69965607479.1756
0245,y,1.8025909090909091,0.00039999999999999996,0.0001,3.0,2700.0,70000000000.0
0246,y,1.7696818181818181,0.0001,0.0012,3.0,2700.0,70000000000.0
0247,y,1.7203181818181819,0.0007999999999999999,0.001042857142857143,3.0,2700.0,70000000000.0
0248,y,1.7038636363636364,0.0007,0.00041428571428571426,3.0,2703.7295617810355,70040574027.74413
0249,y,1.8025909090909091,0.0007,0.0012,3.0,2700.0,70000000000.0
0250,y,1.6874090909090909,0.0006000000000000001,0.0007285714285714286,3.0,2700.0,70000000000.0
0251,y,1.6874090909090909,0.00039999999999999996,0.0001,3.0,2700.0,70000000000.0
0252,y,1.6545,0.0005,0.00041428571428571426,3.0,2700.0,70000000000.0
0253,y,1.6709545454545456,0.0001,0.0001,3.0,2700.0,70000000000.0
0254,y,1.7696818181818181,0.0003,0.00025714285714285715,3.0,2700.0,70000000000.0
0255,y,1.8025909090909091,0.0009,0.00041428571428571426,3.0,2700.0,70000000000.0
0256,y,1.7696818181818181,0.0007999999999999999,0.0005714285714285715,3.0,2700.0,70000000000.0
0257,y,1.8190454545454544,0.0001,0.0001,3.0,2700.0,70000000000.0
0258,y,1.7038636363636364,0.0009,0.0005714285714285715,3.0,2700.0,70000000000.0
0259,y,1.7038636363636364,0.0009,0.00041428571428571426,3.0,2700.0,70000000000.0
0260,y,1.7203181818181819,0.0006000000000000001,0.001042857142857143,3.0,2700.0,70000000000.0
0261,y,1.8355,0.00019999999999999998,0.0001,3.0,2700.0,70000000000.0
0262,y,1.8025909090909091,0.0009,0.0001,3.0,2700.0,70000000000.0
0263,y,1.7038636363636364,0.0001,0.00025714285714285715,3.0,2700.0,70000000000.0
0264,y,1.7696818181818181,0.001,0.0008857142857142857,3.0,2700.0,70000000000.0
0265,y,1.7696818181818181,0.0009,0.0005714285714285715,3.0,2700.0,70000000000.0
0266,y,1.7367727272727274,0.0007999999999999999,0.0007285714285714286,3.0,2696.8373076464236,69900373637.15941
0267,y,1.6874090909090909,0.0007999999999999999,0.001042857142857143,3.0,2700.0,70000000000.0
0268,y,1.6545,0.0007999999999999999,0.0005714285714285715,3.0,2700.0,70000000000.0
0269,y,1.7367727272727274,0.00019999999999999998,0.0008857142857142857,3.0,2700.0,70000000000.0
0270,y,1.6545,0.0007,0.001042857142857143,3.0,2700.0,70000000000.0
0271,y,1.6874090909090909,0.0007999999999999999,0.00025714285714285715,3.0,2700.0,70000000000.0
0272,y,1.7532272727272726,0.0007999999999999999,0.001042857142857143,3.0,2700.0,70000000000.0
0273,y,1.8355,0.0007,0.00025714285714285715,3.0,2700.0,70000000000.0
0274,y,1.7696818181818181,0.0006000000000000001,0.0001,3.0,2700.0,70000000000.0
0275,y,1.7038636363636364,0.0005,0.00025714285714285715,3.0,2700.0,70000000000.0
0276,y,1.8190454545454544,0.0005,0.0008857142857142857,3.0,2700.0,70000000000.0
0277,y,1.7367727272727274,0.0006000000000000001,0.0005714285714285715,3.0,2700.0,70000000000.0
0278,y,1.7203181818181819,0.00019999999999999998,0.0008857142857142857,3.0,2700.0,70000000000.0
0279,y,1.7367727272727274,0.00039999999999999996,0.0012,3.0,2700.0,70000000000.0
0280,y,1.8190454545454544,0.0003,0.00041428571428571426,3.0,2702.650930861553,69956840659.49197
0281,y,1.7861363636363636,0.0005,0.00025714285714285715,3.0,2697.1071552474623,69881285109.03839
0282,y,1.7038636363636364,0.0006000000000000001,0.0005714285714285715,3.0,2700.0,70000000000.0
0283,y,1.7696818181818181,0.0007,0.0005714285714285715,3.0,2700.0,70000000000.0
0284,y,1.6545,0.00019999999999999998,0.0012,3.0,2700.0,70000000000.0
0285,y,1.8355,0.0003,0.0001,3.0,2700.0,70000000000.0
0286,y,1.7696818181818181,0.0003,0.0008857142857142857,3.0,2700.0,70000000000.0
0287,y,1.6709545454545456,0.0007,0.0007285714285714286,3.0,2700.0,70000000000.0
0288,y,1.6874090909090909,0.0005,0.00041428571428571426,3.0,2700.0,70000000000.0
0289,y,1.7696818181818181,0.0009,0.001042857142857143,3.0,2700.0,70000000000.0
0290,y,1.7038636363636364,0.0006000000000000001,0.0008857142857142857,3.0,2700.0,70000000000.0
0291,y,1.7861363636363636,0.00039999999999999996,0.0001,3.0,2700.0,70000000000.0
0292,y,1.6874090909090909,0.0005,0.0008857142857142857,3.0,2700.0,70000000000.0
0293,y,1.8190454545454544,0.0006000000000000001,0.0005714285714285715,3.0,2700.0,70000000000.0
0294,y,1.8025909090909091,0.0007999999999999999,0.0012,3.0,2700.0,70000000000.0
0295,y,1.7532272727272726,0.0005,0.001042857142857143,3.0,2700.0,70000000000.0
0296,y,1.7203181818181819,0.0006000000000000001,0.0005714285714285715,3.0,2700.0,70000000000.0
0297,y,1.6545,0.0009,0.0008857142857142857,3.0,2700.0,70000000000.0
0298,y,1.6874090909090909,0.0007999999999999999,0.0001,3.0,2700.0,70000000000.0
0299,y,1.8025909090909091,0.0003,0.0001,3.0,2697.494097933662,69966399998.06337
0300,y,1.7367727272727274,0.0007999999999999999,0.001042857142857143,3.0,2700.0,70000000000.0
0301,y,1.7532272727272726,0.0003,0.001042857142857143,3.0,2700.0,70000000000.0
0302,y,1.7696818181818181,0.0007999999999999999,0.00025714285714285715,3.0,2700.0,70000000000.0
0303,y,1.7696818181818181,0.00019999999999999998,0.0008857142857142857,3.0,2700.0,70000000000.0
0304,y,1.7532272727272726,0.0006000000000000001,0.00025714285714285715,3.0,2704.7839704552985,69984526042.19896
0305,y,1.7367727272727274,0.00019999999999999998,0.0007285714285714286,3.0,2700.0,70000000000.0
0306,y,1.7861363636363636,0.0001,0.0012,3.0,2700.0,70000000000.0
0307,y,1.7203181818181819,0.00019999999999999998,0.0005714285714285715,3.0,2699.254578772541,70015955809.02194
0308,y,1.8355,0.0007999999999999999,0.001042857142857143,3.0,2700.0,70000000000.0
0309,y,1.7861363636363636,0.00019999999999999998,0.0001,3.0,2700.0,70000000000.0
0310,y,1.7696818181818181,0.00019999999999999998,0.00041428571428571426,3.0,2700.5855738982937,70027138875.4804
0311,y,1.6709545454545456,0.00019999999999999998,0.0007285714285714286,3.0,2700.0,70000000000.0
0312,y,1.8355,0.0003,0.0007285714285714286,3.0,2700.0,70000000000.0
0313,y,1.8355,0.0007999999999999999,0.00025714285714285715,3.0,2699.069148753496,70078167349.57484
0314,y,1.7532272727272726,0.00039999999999999996,0.0005714285714285715,3.0,2700.0,70000000000.0
0315,y,1.6709545454545456,0.0007999999999999999,0.0012,3.0,2700.0,70000000000.0
0316,y,1.8190454545454544,0.0005,0.00025714285714285715,3.0,2700.0,70000000000.0
0317,y,1.6874090909090909,0.0003,0.0008857142857142857,3.0,2700.0,70000000000.0
0318,y,1.6709545454545456,0.0005,0.0007285714285714286,3.0,2700.0,70000000000.0
0319,y,1.6709545454545456,0.0009,0.00041428571428571426,3.0,2700.0,70000000000.0
0320,y,1.7038636363636364,0.0005,0.0007285714285714286,3.0,2700.0,70000000000.0
0321,y,1.8190454545454544,0.00019999999999999998,0.0012,3.0,2700.0,70000000000.0
0322,y,1.8355,0.0006000000000000001,0.0005714285714285715,3.0,2700.0,70000000000.0
0323,y,1.6545,0.0005,0.00025714285714285715,3.0,2700.0,70000000000.0
0324,y,1.6709545454545456,0.0007999999999999999,0.00041428571428571426,3.0,2700.0,70000000000.0
0325,y,1.6874090909090909,0.0003,0.001042857142857143,3.0,2700.0,70000000000.0
0326,y,1.7367727272727274,0.0001,0.0008857142857142857,3.0,2700.0,70000000000.0
0327,y,1.7203181818181819,0.0007,0.0007285714285714286,3.0,2700.0,70000000000.0
0328,y,1.7203181818181819,0.0003,0.0005714285714285715,3.0,2700.0,70000000000.0
0329,y,1.6545,0.0007999999999999999,0.001042857142857143,3.0,2700.0,70000000000.0
0330,y,1.7203181818181819,0.0009,0.001042857142857143,3.0,2700.0,70000000000.0
0331,y,1.7696818181818181,0.0003,0.0012,3.0,2700.0,70000000000.0
0332,y,1.8355,0.00039999999999999996,0.0005714285714285715,3.0,2700.0,70000000000.0
0333,y,1.7696818181818181,0.0007,0.00041428571428571426,3.0,2700.0,70000000000.0
0334,y,1.8025909090909091,0.0006000000000000001,0.00041428571428571426,3.0,2700.0,70000000000.0
0335,y,1.8355,0.00019999999999999998,0.0008857142857142857,3.0,2698.8734733670053,70095651748.28212
0336,y,1.6545,0.00019999999999999998,0.00025714285714285715,3.0,2700.0,70000000000.0
0337,y,1.6874090909090909,0.0005,0.0001,3.0,2700.0,70000000000.0
0338,y,1.8355,0.0001,0.001042857142857143,3.0,2700.0,70000000000.0
0339,y,1.7532272727272726,0.0009,0.0001,3.0,2700.0,70000000000.0
0340,y,1.6545,0.001,0.0001,3.0,2700.0,70000000000.0
0341,y,1.7367727272727274,0.0003,0.0007285714285714286,3.0,2700.0,70000000000.0
0342,y,1.7532272727272726,0.0001,0.0007285714285714286,3.0,2700.0,70000000000.0
0343,y,1.8355,0.0009,0.0005714285714285715,3.0,2700.0,70000000000.0
0344,y,1.8355,0.0007,0.0007285714285714286,3.0,2700.0,70000000000.0
0345,y,1.7861363636363636,0.0006000000000000001,0.001042857142857143,3.0,2700.0,70000000000.0
0346,y,1.6874090909090909,0.0009,0.0005714285714285715,3.0,2700.0,70000000000.0
0347,y,1.7038636363636364,0.0003,0.001042857142857143,3.0,2700.0,70000000000.0
0348,y,1.7532272727272726,0.0006000000000000001,0.0007285714285714286,3.0,2700.0,70000000000.0
0349,y,1.8025909090909091,0.0007,0.00041428571428571426,3.0,2700.0,70000000000.0
0350,y,1.8025909090909091,0.0006000000000000001,0.0007285714285714286,3.0,2700.0,70000000000.0
0351,y,1.8190454545454544,0.0005,0.00041428571428571426,3.0,2700.0,70000000000.0
0352,y,1.7038636363636364,0.0009,0.0007285714285714286,3.0,2700.0,70000000000.0
0353,y,1.6709545454545456,0.0001,0.0012,3.0,2700.0,70000000000.0
0354,y,1.7696818181818181,0.001,0.001042857142857143,3.0,2700.0,70000000000.0
0355,y,1.7861363636363636,0.0007,0.00025714285714285715,3.0,2700.0,70000000000.0
0356,y,1.6545,0.0006000000000000001,0.00025714285714285715,3.0,2700.0,70000000000.0
0357,y,1.7203181818181819,0.0009,0.00025714285714285715,3.0,2700.0,70000000000.0
0358,y,1.7696818181818181,0.0001,0.00041428571428571426,3.0,2700.0,70000000000.0
0359,y,1.6709545454545456,0.0007,0.001042857142857143,3.0,2700.0,70000000000.0
0360,y,1.7367727272727274,0.001,0.0012,3.0,2700.0,70000000000.0
0361,y,1.7367727272727274,0.0007,0.00041428571428571426,3.0,2700.0,70000000000.0
0362,y,1.6874090909090909,0.00039999999999999996,0.0012,3.0,2700.0,70000000000.0
0363,y,1.7038636363636364,0.0009,0.0008857142857142857,3.0,2702.4539043291325,70124032976.31699
0364,y,1.7861363636363636,0.001,0.0001,3.0,2700.0,70000000000.0
0365,y,1.7532272727272726,0.001,0.00041428571428571426,3.0,2700.0,70000000000.0
0366,y,1.8355,0.0007,0.0012,3.0,2700.0,70000000000.0
0367,y,1.7203181818181819,0.0003,0.0007285714285714286,3.0,2703.756109644421,70082612774.92761
0368,y,1.6709545454545456,0.0005,0.0012,3.0,2700.0,70000000000.0
0369,y,1.7038636363636364,0.001,0.0005714285714285715,3.0,2700.0,70000000000.0
0370,y,1.7861363636363636,0.0007999999999999999,0.0005714285714285715,3.0,2700.0,70000000000.0
0371,y,1.8355,0.00039999999999999996,0.00041428571428571426,3.0,2700.0,70000000000.0
0372,y,1.8190454545454544,0.001,0.0005714285714285715,3.0,2700.0,70000000000.0
0373,y,1.8190454545454544,0.00019999999999999998,0.0008857142857142857,3.0,2700.0,70000000000.0
0374,y,1.7367727272727274,0.0003,0.00041428571428571426,3.0,2700.0,70000000000.0
0375,y,1.6874090909090909,0.0007,0.00041428571428571426,3.0,2700.0,70000000000.0
0376,y,1.7203181818181819,0.001,0.001042857142857143,3.0,2700.0,70000000000.0
0377,y,1.6709545454545456,0.0009,0.00025714285714285715,3.0,2700.0,70000000000.0
0378,y,1.6709545454545456,0.0007999999999999999,0.0001,3.0,2700.0,70000000000.0
0379,y,1.7861363636363636,0.00039999999999999996,0.00041428571428571426,3.0,2700.0,70000000000.0
0380,y,1.8190454545454544,0.0001,0.00025714285714285715,3.0,2700.0,70000000000.0
0381,y,1.7861363636363636,0.0003,0.0012,3.0,2700.0,70000000000.0
0382,y,1.7532272727272726,0.0003,0.0007285714285714286,3.0,2705.059022839985,70056457600.37556
0383,y,1.8190454545454544,0.0009,0.0001,3.0,2700.0,70000000000.0
0384,y,1.8190454545454544,0.00039999999999999996,0.0008857142857142857,3.0,2700.0,70000000000.0
0385,y,1.6545,0.0001,0.0008857142857142857,3.0,2700.0,70000000000.0
0386,y,1.8355,0.0005,0.0007285714285714286,3.0,2700.0,70000000000.0
0387,y,1.8025909090909091,0.0006000000000000001,0.0005714285714285715,3.0,2700.0,70000000000.0
0388,y,1.8190454545454544,0.0009,0.0012,3.0,2700.0,70000000000.0
0389,y,1.8190454545454544,0.0001,0.0007285714285714286,3.0,2700.0,70000000000.0
0390,y,1.6545,0.0005,0.0008857142857142857,3.0,2700.0,70000000000.0
0391,y,1.6545,0.0003,0.00041428571428571426,3.0,2700.0,70000000000.0
0392,y,1.8355,0.00039999999999999996,0.0001,3.0,2700.0,70000000000.0
0393,y,1.7038636363636364,0.0007999999999999999,0.001042857142857143,3.0,2700.0,70000000000.0
0394,y,1.7696818181818181,0.001,0.00025714285714285715,3.0,2700.0,70000000000.0
0395,y,1.8025909090909091,0.00019999999999999998,0.0005714285714285715,3.0,2700.0,70000000000.0
0396,y,1.6709545454545456,0.0003,0.00041428571428571426,3.0,2700.0,70000000000.0
0397,y,1.7696818181818181,0.0009,0.0007285714285714286,3.0,2700.0,70000000000.0
0398,y,1.6709545454545456,0.001,0.0008857142857142857,3.0,2696.9976116591342,70069118847.7372
0399,y,1.7532272727272726,0.001,0.00025714285714285715,3.0,2700.0,70000000000.0
0400,y,1.8190454545454544,0.0006000000000000001,0.001042857142857143,3.0,2700.0,70000000000.0
0401,y,1.6874090909090909,0.0003,0.0001,3.0,2700.0,70000000000.0
0402,y,1.7367727272727274,0.00019999999999999998,0.00041428571428571426,3.0,2700.0,70000000000.0
0403,y,1.7038636363636364,0.00039999999999999996,0.0008857142857142857,3.0,2700.0,70000000000.0
0404,y,1.7696818181818181,0.0003,0.0007285714285714286,3.0,2700.0,70000000000.0
0405,y,1.8355,0.0007999999999999999,0.0005714285714285715,3.0,2700.0,70000000000.0
0406,y,1.8355,0.0001,0.0008857142857142857,3.0,2700.0,70000000000.0
0407,y,1.6545,0.0007,0.00025714285714285715,3.0,2700.0,70000000000.0
0408,y,1.6545,0.0007,0.0001,3.0,2700.0,70000000000.0
0409,y,1.6874090909090909,0.00039999999999999996,0.0007285714285714286,3.0,2700.0,70000000000.0
0410,y,1.8025909090909091,0.0001,0.0005714285714285715,3.0,2700.0,70000000000.0
0411,y,1.7696818181818181,0.0006000000000000001,0.0012,3.0,2703.578231642837,70064442202.44638
0412,y,1.6874090909090909,0.0001,0.0007285714285714286,3.0,2700.0,70000000000.0
0413,y,1.6545,0.0006000000000000001,0.0005714285714285715,3.0,2700.0,70000000000.0
0414,y,1.8355,0.0007999999999999999,0.0001,3.0,2700.0,70000000000.0
0415,y,1.7203181818181819,0.0003,0.00041428571428571426,3.0,2700.0,70000000000.0
0416,y,1.7203181818181819,0.0005,0.0007285714285714286,3.0,2700.0,70000000000.0
0417,y,1.8355,0.0005,0.00041428571428571426,3.0,2702.397534587421,69986685214.11192
0418,y,1.7203181818181819,0.0009,0.0005714285714285715,3.0,2695.0825769688936,70059018117.13147
0419,y,1.6709545454545456,0.0007,0.0001,3.0,2698.305241833613,69890621550.89973
0420,y,1.6545,0.0007999999999999999,0.0008857142857142857,3.0,2700.0,70000000000.0
0421,y,1.7861363636363636,0.0003,0.00025714285714285715,3.0,2700.0,70000000000.0
0422,y,1.7532272727272726,0.0001,0.00041428571428571426,3.0,2700.0,70000000000.0
0423,y,1.8025909090909091,0.00039999999999999996,0.00025714285714285715,3.0,2700.0,70000000000.0
0424,y,1.8025909090909091,0.0009,0.00025714285714285715,3.0,2700.0,70000000000.0
0425,y,1.7532272727272726,0.0007,0.0007285714285714286,3.0,2700.0,70000000000.0
0426,y,1.6709545454545456,0.0003,0.0012,3.0,2700.0,70000000000.0
0427,y,1.7696818181818181,0.00019999999999999998,0.0007285714285714286,3.0,2700.0,70000000000.0
0428,y,1.7861363636363636,0.0003,0.0007285714285714286,3.0,2700.0,70000000000.0
0429,y,1.8355,0.0006000000000000001,0.0012,3.0,2700.0,70000000000.0
0430,y,1.7532272727272726,0.001,0.0008857142857142857,3.0,2700.0,70000000000.0
0431,y,1.6709545454545456,0.00039999999999999996,0.0005714285714285715,3.0,2700.0,70000000000.0
0432,y,1.8355,0.001,0.001042857142857143,3.0,2700.0,70000000000.0
0433,y,1.6874090909090909,0.001,0.0008857142857142857,3.0,2700.0,70000000000.0
0434,y,1.7532272727272726,0.001,0.0012,3.0,2700.0,70000000000.0
0435,y,1.6874090909090909,0.001,0.00041428571428571426,3.0,2700.0,70000000000.0
0436,y,1.8190454545454544,0.0005,0.0001,3.0,2700.0,70000000000.0
0437,y,1.7203181818181819,0.0007999999999999999,0.0005714285714285715,3.0,2696.919797934759,69937936552.54431
0438,y,1.7038636363636364,0.00039999999999999996,0.00025714285714285715,3.0,2700.0,70000000000.0
0439,y,1.7367727272727274,0.0006000000000000001,0.0007285714285714286,3.0,2700.0,70000000000.0
0440,y,1.7367727272727274,0.0003,0.0005714285714285715,3.0,2700.0,70000000000.0
0441,y,1.6545,0.001,0.00025714285714285715,3.0,2700.0,70000000000.0
0442,y,1.8190454545454544,0.0007999999999999999,0.0012,3.0,2700.0,70000000000.0
0443,y,1.7203181818181819,0.001,0.0007285714285714286,3.0,2700.0,70000000000.0
0444,y,1.8190454545454544,0.001,0.0007285714285714286,3.0,2700.0,70000000000.0
0445,y,1.7532272727272726,0.00019999999999999998,0.0007285714285714286,3.0,2700.0,70000000000.0
0446,y,1.7367727272727274,0.0009,0.00041428571428571426,3.0,2700.0,70000000000.0
0447,y,1.8025909090909091,0.0001,0.0007285714285714286,3.0,2700.0,70000000000.0
0448,y,1.7532272727272726,0.0007999999999999999,0.0007285714285714286,3.0,2700.0,70000000000.0
0449,y,1.7696818181818181,0.0005,0.001042857142857143,3.0,2700.0,70000000000.0
0450,y,1.7038636363636364,0.0007,0.0012,3.0,2700.0,70000000000.0
0451,y,1.6709545454545456,0.0009,0.0007285714285714286,3.0,2700.0,70000000000.0
0452,y,1.8355,0.0005,0.0001,3.0,2700.0,70000000000.0
0453,y,1.7038636363636364,0.0009,0.00025714285714285715,3.0,2700.0,70000000000.0
0454,y,1.7532272727272726,0.0007999999999999999,0.0008857142857142857,3.0,2700.0,70000000000.0
0455,y,1.7696818181818181,0.0009,0.0008857142857142857,3.0,2700.0,70000000000.0
0456,y,1.7203181818181819,0.0007999999999999999,0.0001,3.0,2700.0,70000000000.0
0457,y,1.7532272727272726,0.0006000000000000001,0.001042857142857143,3.0,2700.0,70000000000.0
0458,y,1.7203181818181819,0.00039999999999999996,0.0005714285714285715,3.0,2700.0,70000000000.0
0459,y,1.6709545454545456,0.0006000000000000001,0.0008857142857142857,3.0,2700.0,70000000000.0
0460,y,1.6545,0.00039999999999999996,0.0001,3.0,2700.0,70000000000.0
0461,y,1.7696818181818181,0.00019999999999999998,0.0005714285714285715,3.0,2700.0,70000000000.0
0462,y,1.8190454545454544,0.0007,0.0008857142857142857,3.0,2700.0,70000000000.0
0463,y,1.8355,0.0001,0.00025714285714285715,3.0,2700.0,70000000000.0
0464,y,1.7532272727272726,0.0006000000000000001,0.00041428571428571426,3.0,2700.0,70000000000.0
0465,y,1.7367727272727274,0.00039999999999999996,0.001042857142857143,3.0,2700.0,70000000000.0
0466,y,1.6545,0.0003,0.0007285714285714286,3.0,2700.0,70000000000.0
0467,y,1.7203181818181819,0.0005,0.001042857142857143,3.0,2700.0,70000000000.0
0468,y,1.6545,0.00019999999999999998,0.0005714285714285715,3.0,2700.0,70000000000.0
0469,y,1.7861363636363636,0.001,0.0012,3.0,2700.0,70000000000.0
0470,y,1.8355,0.0001,0.00041428571428571426,3.0,2700.0,70000000000.0
0471,y,1.6874090909090909,0.0005,0.0005714285714285715,3.0,2700.0,70000000000.0
0472,y,1.7203181818181819,0.0003,0.001042857142857143,3.0,2700.0,70000000000.0
0473,y,1.8025909090909091,0.0007999999999999999,0.0001,3.0,2700.0,70000000000.0
0474,y,1.7038636363636364,0.00019999999999999998,0.0001,3.0,2700.0,70000000000.0
0475,y,1.7696818181818181,0.0007999999999999999,0.0007285714285714286,3.0,2700.0,70000000000.0
0476,y,1.7203181818181819,0.0003,0.00025714285714285715,3.0,2700.0,70000000000.0
0477,y,1.6709545454545456,0.00019999999999999998,0.00041428571428571426,3.0,2700.0,70000000000.0
0478,y,1.7203181818181819,0.001,0.0012,3.0,2700.0,70000000000.0
0479,y,1.7696818181818181,0.0005,0.00041428571428571426,3.0,2700.0,70000000000.0
0480,y,1.6874090909090909,0.0001,0.001042857142857143,3.0,2700.0,70000000000.0
0481,y,1.6545,0.0007999999999999999,0.0001,3.0,2700.0,70000000000.0
0482,y,1.8355,0.001,0.0008857142857142857,3.0,2700.0,70000000000.0
0483,y,1.7532272727272726,0.0005,0.0007285714285714286,3.0,2700.0,70000000000.0
0484,y,1.7696818181818181,0.0009,0.0001,3.0,2700.0,70000000000.0
0485,y,1.7532272727272726,0.0007,0.00041428571428571426,3.0,2700.0,70000000000.0
0486,y,1.7038636363636364,0.00039999999999999996,0.0012,3.0,2700.0,70000000000.0
0487,y,1.8025909090909091,0.00019999999999999998,0.00041428571428571426,3.0,2700.0,70000000000.0
0488,y,1.7038636363636364,0.0006000000000000001,0.0001,3.0,2700.0,70000000000.0
0489,y,1.7696818181818181,0.0006000000000000001,0.00041428571428571426,3.0,2700.0,70000000000.0
0490,y,1.7203181818181819,0.00039999999999999996,0.00025714285714285715,3.0,2700.0,70000000000.0
0491,y,1.7696818181818181,0.0007,0.00025714285714285715,3.0,2700.0,70000000000.0
0492,y,1.6874090909090909,0.0007,0.0008857142857142857,3.0,2700.0,70000000000.0
0493,y,1.8190454545454544,0.0009,0.0008857142857142857,3.0,2700.0,70000000000.0
0494,y,1.6709545454545456,0.0007,0.00041428571428571426,3.0,2700.0,70000000000.0
0495,y,1.7203181818181819,0.0006000000000000001,0.0001,3.0,2697.0283088997467,69940827686.83954
0496,y,1.7203181818181819,0.00019999999999999998,0.0012,3.0,2700.0,70000000000.0
0497,y,1.7038636363636364,0.0001,0.0001,3.0,2700.0,70000000000.0
0498,y,1.7203181818181819,0.0005,0.0008857142857142857,3.0,2700.0,70000000000.0
0499,y,1.6709545454545456,0.0009,0.0005714285714285715,3.0,2700.0,70000000000.0
0500,y,1.7038636363636364,0.0006000000000000001,0.0012,3.0,2700.0,70000000000.0
0501,y,1.6545,0.0009,0.001042857142857143,3.0,2700.0,70000000000.0
0502,y,1.8190454545454544,0.0003,0.00025714285714285715,3.0,2700.0,70000000000.0
0503,y,1.8190454545454544,0.00019999999999999998,0.001042857142857143,3.0,2700.0,70000000000.0
0504,y,1.7038636363636364,0.00019999999999999998,0.0012,3.0,2700.0,70000000000.0
0505,y,1.8190454545454544,0.0009,0.001042857142857143,3.0,2700.0,70000000000.0
0506,y,1.6545,0.0001,0.00025714285714285715,3.0,2700.0,70000000000.0
0507,y,1.8355,0.0006000000000000001,0.0008857142857142857,3.0,2700.0,70000000000.0
0508,y,1.6709545454545456,0.0009,0.0008857142857142857,3.0,2700.0,70000000000.0
0509,y,1.6709545454545456,0.0007999999999999999,0.0008857142857142857,3.0,2700.0,70000000000.0
0510,y,1.7532272727272726,0.00019999999999999998,0.0008857142857142857,3.0,2700.0,70000000000.0
0511,y,1.7861363636363636,0.0007999999999999999,0.00025714285714285715,3.0,2700.0,70000000000.0
0512,y,1.7696818181818181,0.0009,0.00041428571428571426,3.0,2700.0,70000000000.0
0513,y,1.8355,0.00019999999999999998,0.0012,3.0,2700.0,70000000000.0
0514,y,1.7861363636363636,0.0007999999999999999,0.0001,3.0,2700.0,70000000000.0
0515,y,1.8025909090909091,0.0006000000000000001,0.0012,3.0,2697.438404427205,70101415895.13931
0516,y,1.8355,0.00019999999999999998,0.001042857142857143,3.0,2703.9451370800643,69892868087.4197
0517,y,1.7203181818181819,0.0001,0.0008857142857142857,3.0,2700.0,70000000000.0
0518,y,1.6545,0.0006000000000000001,0.001042857142857143,3.0,2700.0,70000000000.0
0519,y,1.8190454545454544,0.0006000000000000001,0.0001,3.0,2700.0,70000000000.0
0520,y,1.7367727272727274,0.0006000000000000001,0.00025714285714285715,3.0,2700.0,70000000000.0
0521,y,1.7038636363636364,0.00019999999999999998,0.0007285714285714286,3.0,2700.0,70000000000.0
0522,y,1.7861363636363636,0.00019999999999999998,0.0005714285714285715,3.0,2700.0,70000000000.0
0523,y,1.6545,0.0003,0.00025714285714285715,3.0,2700.0,70000000000.0
0524,y,1.8355,0.0006000000000000001,0.001042857142857143,3.0,2700.0,70000000000.0
0525,y,1.7861363636363636,0.00039999999999999996,0.0005714285714285715,3.0,2700.0,70000000000.0
0526,y,1.8190454545454544,0.0007,0.0001,3.0,2700.0,70000000000.0
0527,y,1.7367727272727274,0.0007999999999999999,0.0012,3.0,2700.0,70000000000.0
0528,y,1.6545,0.0007999999999999999,0.0012,3.0,2700.0,70000000000.0
0529,y,1.7203181818181819,0.0001,0.0005714285714285715,3.0,2700.0,70000000000.0
0530,y,1.8355,0.0005,0.001042857142857143,3.0,2700.0,70000000000.0
0531,y,1.6874090909090909,0.00019999999999999998,0.001042857142857143,3.0,2700.0,70000000000.0
0532,y,1.7367727272727274,0.0003,0.001042857142857143,3.0,2700.0,70000000000.0
0533,y,1.6709545454545456,0.0006000000000000001,0.0007285714285714286,3.0,2700.0,70000000000.0
0534,y,1.8025909090909091,0.0001,0.0012,3.0,2700.0,70000000000.0
0535,y,1.6709545454545456,0.0001,0.001042857142857143,3.0,2700.0,70000000000.0
0536,y,1.7696818181818181,0.0006000000000000001,0.0008857142857142857,3.0,2700.0,70000000000.0
0537,y,1.8190454545454544,0.0007999999999999999,0.0001,3.0,2700.0,70000000000.0
0538,y,1.6709545454545456,0.00039999999999999996,0.0008857142857142857,3.0,2700.0,70000000000.0
0539,y,1.7367727272727274,0.0007,0.0008857142857142857,3.0,2700.0,70000000000.0
0540,y,1.7532272727272726,0.0006000000000000001,0.0005714285714285715,3.0,2700.0,70000000000.0
0541,y,1.6545,0.0009,0.0012,3.0,2700.0,70000000000.0
0542,y,1.8190454545454544,0.00039999999999999996,0.0012,3.0,2697.5950941843103,70043650957.61067
0543,y,1.7038636363636364,0.00019999999999999998,0.0005714285714285715,3.0,2700.0,70000000000.0
0544,y,1.6874090909090909,0.00039999999999999996,0.0005714285714285715,3.0,2700.0,70000000000.0
0545,y,1.7861363636363636,0.0009,0.00025714285714285715,3.0,2700.0,70000000000.0
0546,y,1.7203181818181819,0.0001,0.0007285714285714286,3.0,2700.0,70000000000.0
0547,y,1.7861363636363636,0.00019999999999999998,0.00025714285714285715,3.0,2700.0,70000000000.0
0548,y,1.7038636363636364,0.0007,0.00025714285714285715,3.0,2700.0,70000000000.0
0549,y,1.7861363636363636,0.00039999999999999996,0.0007285714285714286,3.0,2700.0,70000000000.0
0550,y,1.8190454545454544,0.001,0.0001,3.0,2700.0,70000000000.0
0551,y,1.6709545454545456,0.0006000000000000001,0.001042857142857143,3.0,2700.0,70000000000.0
0552,y,1.8025909090909091,0.0007,0.0001,3.0,2700.0,70000000000.0
0553,y,1.8355,0.0003,0.0005714285714285715,3.0,2700.0,70000000000.0
0554,y,1.6545,0.0007,0.0007285714285714286,3.0,2703.1816652112107,70075287585.75073
0555,y,1.7532272727272726,0.0006000000000000001,0.0001,3.0,2700.0,70000000000.0
0556,y,1.7203181818181819,0.0007,0.0012,3.0,2700.0,70000000000.0
0557,y,1.7367727272727274,0.0001,0.00025714285714285715,3.0,2700.0,70000000000.0
0558,y,1.6874090909090909,0.001,0.0007285714285714286,3.0,2700.0,70000000000.0
0559,y,1.6709545454545456,0.0007999999999999999,0.00025714285714285715,3.0,2700.0,70000000000.0
0560,y,1.8355,0.0005,0.0012,3.0,2700.0,70000000000.0
0561,y,1.7038636363636364,0.0009,0.0012,3.0,2700.0,70000000000.0
0562,y,1.7696818181818181,0.001,0.0005714285714285715,3.0,2700.0,70000000000.0
0563,y,1.6709545454545456,0.00039999999999999996,0.0012,3.0,2700.0,70000000000.0
0564,y,1.8025909090909091,0.001,0.0001,3.0,2705.0992231529303,70037755352.75012
0565,y,1.8190454545454544,0.0006000000000000001,0.00025714285714285715,3.0,2700.0,70000000000.0
0566,y,1.7367727272727274,0.0009,0.0012,3.0,2700.0,70000000000.0
0567,y,1.7038636363636364,0.0003,0.0001,3.0,2700.0,70000000000.0
0568,y,1.7861363636363636,0.0006000000000000001,0.00025714285714285715,3.0,2700.0,70000000000.0
0569,y,1.8355,0.001,0.00025714285714285715,3.0,2700.0,70000000000.0
0570,y,1.6545,0.00019999999999999998,0.00041428571428571426,3.0,2700.0,70000000000.0
0571,y,1.6874090909090909,0.0006000000000000001,0.0001,3.0,2700.0,70000000000.0
0572,y,1.8190454545454544,0.0007,0.0007285714285714286,3.0,2700.0,70000000000.0
0573,y,1.8025909090909091,0.0005,0.0008857142857142857,3.0,2700.0,70000000000.0
0574,y,1.6709545454545456,0.00019999999999999998,0.0001,3.0,2700.0,70000000000.0
0575,y,1.7203181818181819,0.0005,0.0012,3.0,2700.0,70000000000.0
0576,y,1.8190454545454544,0.0006000000000000001,0.0007285714285714286,3.0,2700.0,70000000000.0
0577,y,1.6545,0.001,0.00041428571428571426,3.0,2700.0,70000000000.0
0578,y,1.6545,0.0007999999999999999,0.00025714285714285715,3.0,2700.0,70000000000.0
0579,y,1.7861363636363636,0.00019999999999999998,0.0012,3.0,2700.0,70000000000.0
0580,y,1.7861363636363636,0.00039999999999999996,0.0008857142857142857,3.0,2701.3627388392833,70094276610.08151
0581,y,1.6545,0.00019999999999999998,0.0007285714285714286,3.0,2704.6378750537533,69904235384.19276
0582,y,1.8355,0.00039999999999999996,0.0008857142857142857,3.0,2700.0,70000000000.0
0583,y,1.6709545454545456,0.0005,0.0005714285714285715,3.0,2700.0,70000000000.0
0584,y,1.7367727272727274,0.0005,0.0005714285714285715,3.0,2700.0,70000000000.0
0585,y,1.8025909090909091,0.00039999999999999996,0.0005714285714285715,3.0,2700.0,70000000000.0
0586,y,1.7367727272727274,0.0001,0.0005714285714285715,3.0,2700.0,70000000000.0
0587,y,1.7203181818181819,0.00039999999999999996,0.00041428571428571426,3.0,2700.0,70000000000.0
0588,y,1.7696818181818181,0.0005,0.0005714285714285715,3.0,2700.0,70000000000.0
0589,y,1.8355,0.001,0.0005714285714285715,3.0,2700.0,70000000000.0
0590,y,1.7861363636363636,0.0005,0.0001,3.0,2700.0,70000000000.0
0591,y,1.7861363636363636,0.0007999999999999999,0.0008857142857142857,3.0,2698.49270214069,69883077748.59753
0592,y,1.7532272727272726,0.0009,0.0008857142857142857,3.0,2700.0,70000000000.0
0593,y,1.7532272727272726,0.0009,0.0005714285714285715,3.0,2700.0,70000000000.0
0594,y,1.7696818181818181,0.0007,0.0008857142857142857,3.0,2701.3565261609815,70063276741.77171
0595,y,1.8025909090909091,0.0003,0.00025714285714285715,3.0,2700.0,70000000000.0
0596,y,1.7203181818181819,0.0001,0.0012,3.0,2700.0,70000000000.0
0597,y,1.7532272727272726,0.0007999999999999999,0.00025714285714285715,3.0,2695.627983722178,69919757929.54494
0598,y,1.7367727272727274,0.0007999999999999999,0.00025714285714285715,3.0,2701.0117385658837,70005444391.29825
0599,y,1.6545,0.001,0.001042857142857143,3.0,2700.0,70000000000.0
0600,y,1.8025909090909091,0.0009,0.0007285714285714286,3.0,2698.3106008203686,69893766260.12238
0601,y,1.6874090909090909,0.0001,0.0012,3.0,2700.0,70000000000.0
0602,y,1.7038636363636364,0.0007999999999999999,0.00025714285714285715,3.0,2700.0,70000000000.0
0603,y,1.7203181818181819,0.00019999999999999998,0.0001,3.0,2700.0,70000000000.0
0604,y,1.7861363636363636,0.00039999999999999996,0.0012,3.0,2700.0,70000000000.0
0605,y,1.7532272727272726,0.0001,0.0012,3.0,2703.3043338053394,69888896429.29836
0606,y,1.8025909090909091,0.0003,0.00041428571428571426,3.0,2700.0,70000000000.0
0607,y,1.7367727272727274,0.0005,0.00025714285714285715,3.0,2700.0,70000000000.0
0608,y,1.6545,0.0005,0.0012,3.0,2700.0,70000000000.0
0609,y,1.6709545454545456,0.0006000000000000001,0.0001,3.0,2700.0,70000000000.0
0610,y,1.7696818181818181,0.0009,0.0012,3.0,2700.0,70000000000.0
0611,y,1.8190454545454544,0.0006000000000000001,0.0008857142857142857,3.0,2700.0,70000000000.0
0612,y,1.7203181818181819,0.0007999999999999999,0.00041428571428571426,3.0,2700.0,70000000000.0
0613,y,1.7038636363636364,0.0007999999999999999,0.0008857142857142857,3.0,2700.683545116272,70030889386.99666
0614,y,1.7861363636363636,0.0005,0.0012,3.0,2700.0,70000000000.0
0615,y,1.6545,0.00019999999999999998,0.001042857142857143,3.0,2700.0,70000000000.0
0616,y,1.8190454545454544,0.001,0.001042857142857143,3.0,2700.0,70000000000.0
0617,y,1.7861363636363636,0.0003,0.001042857142857143,3.0,2700.0,70000000000.0
0618,y,1.6709545454545456,0.001,0.0007285714285714286,3.0,2700.0,70000000000.0
0619,y,1.8190454545454544,0.0003,0.0007285714285714286,3.0,2700.0,70000000000.0
0620,y,1.7861363636363636,0.0006000000000000001,0.0005714285714285715,3.0,2700.0,70000000000.0
0621,y,1.7861363636363636,0.0006000000000000001,0.0007285714285714286,3.0,2700.0,70000000000.0
0622,y,1.7038636363636364,0.0007999999999999999,0.00041428571428571426,3.0,2700.0,70000000000.0
0623,y,1.7532272727272726,0.0003,0.00025714285714285715,3.0,2700.0,70000000000.0
0624,y,1.7367727272727274,0.0006000000000000001,0.0012,3.0,2700.0,70000000000.0
0625,y,1.7203181818181819,0.00039999999999999996,0.001042857142857143,3.0,2700.0,70000000000.0
0626,y,1.7367727272727274,0.0007999999999999999,0.0001,3.0,2700.0,70000000000.0
0627,y,1.6545,0.00039999999999999996,0.0008857142857142857,3.0,2700.0,70000000000.0
0628,y,1.8355,0.0007,0.0005714285714285715,3.0,2700.0,70000000000.0
0629,y,1.8355,0.0003,0.0012,3.0,2700.0,70000000000.0
0630,y,1.7367727272727274,0.0001,0.0007285714285714286,3.0,2700.0,70000000000.0
0631,y,1.8355,0.001,0.00041428571428571426,3.0,2700.0,70000000000.0
0632,y,1.7532272727272726,0.0005,0.0012,3.0,2700.0,70000000000.0
0633,y,1.8025909090909091,0.0007,0.001042857142857143,3.0,2700.0,70000000000.0
0634,y,1.8025909090909091,0.0007,0.0005714285714285715,3.0,2700.0,70000000000.0
0635,y,1.7367727272727274,0.0006000000000000001,0.00041428571428571426,3.0,2700.0,70000000000.0
0636,y,1.7696818181818181,0.0001,0.0005714285714285715,3.0,2703.748356225422,70105231612.65598
0637,y,1.7696818181818181,0.0007,0.001042857142857143,3.0,2700.0,70000000000.0
0638,y,1.7532272727272726,0.0007,0.0012,3.0,2700.0,70000000000.0
0639,y,1.7367727272727274,0.0007999999999999999,0.00041428571428571426,3.0,2700.0,70000000000.0
0640,y,1.6874090909090909,0.0005,0.0007285714285714286,3.0,2700.0,70000000000.0
0641,y,1.7696818181818181,0.001,0.00041428571428571426,3.0,2700.0,70000000000.0
0642,y,1.7203181818181819,0.0006000000000000001,0.00041428571428571426,3.0,2700.0,70000000000.0
0643,y,1.7367727272727274,0.00039999999999999996,0.00041428571428571426,3.0,2700.0,70000000000.0
0644,y,1.6874090909090909,0.001,0.00025714285714285715,3.0,2700.0,70000000000.0
0645,y,1.7367727272727274,0.0003,0.0001,3.0,2700.0,70000000000.0
0646,y,1.7203181818181819,0.0007,0.0005714285714285715,3.0,2700.0,70000000000.0
0647,y,1.6709545454545456,0.0001,0.00025714285714285715,3.0,2700.0,70000000000.0
0648,y,1.6545,0.0001,0.00041428571428571426,3.0,2704.1982249033385,69863378763.46951
0649,y,1.6545,0.0009,0.0001,3.0,2700.0,70000000000.0
0650,y,1.7532272727272726,0.0003,0.0001,3.0,2700.0,70000000000.0
0651,y,1.7861363636363636,0.0001,0.0001,3.0,2700.0,70000000000.0
0652,y,1.7038636363636364,0.00039999999999999996,0.00041428571428571426,3.0,2700.0,70000000000.0
0653,y,1.7532272727272726,0.0009,0.001042857142857143,3.0,2700.0,70000000000.0
0654,y,1.7038636363636364,0.0001,0.0007285714285714286,3.0,2700.0,70000000000.0
0655,y,1.7532272727272726,0.00039999999999999996,0.0001,3.0,2700.0,70000000000.0
0656,y,1.7038636363636364,0.001,0.00041428571428571426,3.0,2700.0,70000000000.0
0657,y,1.7532272727272726,0.0009,0.00025714285714285715,3.0,2700.0,70000000000.0
0658,y,1.8025909090909091,0.0001,0.00025714285714285715,3.0,2700.9435257668,69863862159.20308
0659,y,1.8190454545454544,0.0007999999999999999,0.001042857142857143,3.0,2700.0,70000000000.0
0660,y,1.8190454545454544,0.00019999999999999998,0.0001,3.0,2700.0,70000000000.0
0661,y,1.8025909090909091,0.0007999999999999999,0.0007285714285714286,3.0,2700.0,70000000000.0
0662,y,1.8190454545454544,0.0003,0.0005714285714285715,3.0,2700.0,70000000000.0
0663,y,1.8190454545454544,0.0009,0.00041428571428571426,3.0,2700.0,70000000000.0
0664,y,1.7203181818181819,0.00039999999999999996,0.0008857142857142857,3.0,2700.0,70000000000.0
0665,y,1.8355,0.0009,0.0012,3.0,2700.0,70000000000.0
0666,y,1.7038636363636364,0.0003,0.0012,3.0,2700.0,70000000000.0
0667,y,1.7367727272727274,0.00019999999999999998,0.00025714285714285715,3.0,2700.0,70000000000.0
0668,y,1.7696818181818181,0.0001,0.0007285714285714286,3.0,2700.0,70000000000.0
0669,y,1.7038636363636364,0.0005,0.001042857142857143,3.0,2700.0,70000000000.0
0670,y,1.7532272727272726,0.00019999999999999998,0.001042857142857143,3.0,2700.0,70000000000.0
0671,y,1.7861363636363636,0.001,0.00025714285714285715,3.0,2695.4534328693308,70117858960.45636
0672,y,1.7367727272727274,0.0009,0.0001,3.0,2700.0,70000000000.0
0673,y,1.7203181818181819,0.0007999999999999999,0.0008857142857142857,3.0,2700.0,70000000000.0
0674,y,1.7532272727272726,0.0009,0.0007285714285714286,3.0,2700.0,70000000000.0
0675,y,1.8190454545454544,0.00019999999999999998,0.00025714285714285715,3.0,2700.0,70000000000.0
0676,y,1.8190454545454544,0.0007,0.00025714285714285715,3.0,2700.0,70000000000.0
0677,y,1.6545,0.0003,0.001042857142857143,3.0,2700.0,70000000000.0
0678,y,1.6545,0.0007,0.00041428571428571426,3.0,2700.0,70000000000.0
0679,y,1.7532272727272726,0.0007,0.00025714285714285715,3.0,2700.0,70000000000.0
0680,y,1.8190454545454544,0.0001,0.0012,3.0,2700.0,70000000000.0
0681,y,1.7203181818181819,0.0001,0.001042857142857143,3.0,2700.0,70000000000.0
0682,y,1.7532272727272726,0.0006000000000000001,0.0012,3.0,2700.0,70000000000.0
0683,y,1.6709545454545456,0.0005,0.0008857142857142857,3.0,2700.0,70000000000.0
0684,y,1.7038636363636364,0.0005,0.0005714285714285715,3.0,2700.0,70000000000.0
0685,y,1.8355,0.0009,0.0001,3.0,2700.0,70000000000.0
0686,y,1.6545,0.0006000000000000001,0.00041428571428571426,3.0,2700.0,70000000000.0
0687,y,1.8355,0.0007,0.0008857142857142857,3.0,2701.793659451681,70044254660.95943
0688,y,1.7861363636363636,0.0003,0.0001,3.0,2700.0,70000000000.0
0689,y,1.7367727272727274,0.0007999999999999999,0.0008857142857142857,3.0,2696.081887411894,69863178168.87701
0690,y,1.7696818181818181,0.00019999999999999998,0.0012,3.0,2700.0,70000000000.0
0691,y,1.8025909090909091,0.0009,0.0008857142857142857,3.0,2700.0,70000000000.0
0692,y,1.7861363636363636,0.0005,0.00041428571428571426,3.0,2700.0,70000000000.0
0693,y,1.7038636363636364,0.0007999999999999999,0.0012,3.0,2700.0,70000000000.0
0694,y,1.7367727272727274,0.001,0.00025714285714285715,3.0,2700.0,70000000000.0
0695,y,1.6874090909090909,0.0003,0.0012,3.0,2700.0,70000000000.0
0696,y,1.7696818181818181,0.00039999999999999996,0.001042857142857143,3.0,2700.0,70000000000.0
0697,y,1.8190454545454544,0.001,0.00041428571428571426,3.0,2700.0,70000000000.0
0698,y,1.7532272727272726,0.0007,0.0008857142857142857,3.0,2700.0,70000000000.0
0699,y,1.8190454545454544,0.0006000000000000001,0.00041428571428571426,3.0,2700.0,70000000000.0
0700,y,1.7696818181818181,0.0006000000000000001,0.001042857142857143,3.0,2700.0,70000000000.0
0701,y,1.7861363636363636,0.0007999999999999999,0.0012,3.0,2700.0,70000000000.0
0702,y,1.7861363636363636,0.001,0.0008857142857142857,3.0,2700.0,70000000000.0
0703,y,1.8355,0.0003,0.0008857142857142857,3.0,2700.0,70000000000.0
0704,y,1.8190454545454544,0.00019999999999999998,0.0007285714285714286,3.0,2700.0,70000000000.0
0705,y,1.7203181818181819,0.0009,0.0007285714285714286,3.0,2700.0,70000000000.0
0706,y,1.8025909090909091,0.0007999999999999999,0.001042857142857143,3.0,2700.0,70000000000.0
0707,y,1.8025909090909091,0.0006000000000000001,0.00025714285714285715,3.0,2700.0,70000000000.0
0708,y,1.7203181818181819,0.0007,0.00025714285714285715,3.0,2700.0,70000000000.0
0709,y,1.8355,0.00039999999999999996,0.0007285714285714286,3.0,2703.881085653025,69906726789.94353
0710,y,1.6545,0.0006000000000000001,0.0012,3.0,2700.0,70000000000.0
0711,y,1.8025909090909091,0.0006000000000000001,0.0008857142857142857,3.0,2700.0,70000000000.0
0712,y,1.7203181818181819,0.0007,0.001042857142857143,3.0,2700.0,70000000000.0
0713,n,0.0,0.0,0.0,3.0,2700.0,70000000000.0
0714,n,0.0,0.0,0.0,3.0,2702.6004235945293,69860719181.6891
0715,n,0.0,0.0,0.0,3.0,2700.0,70000000000.0
0716,n,0.0,0.0,0.0,3.0,2695.0966005228092,69961913418.97275
0717,n,0.0,0.0,0.0,3.0,2700.0,70000000000.0
0718,n,0.0,0.0,0.0,3.0,2704.97169517026,69869901800.71295
0719,n,0.0,0.0,0.0,3.0,2700.0,70000000000.0
0720,n,0.0,0.0,0.0,3.0,2700.0,70000000000.0
0721,n,0.0,0.0,0.0,3.0,2700.0,70000000000.0
0722,n,0.0,0.0,0.0,3.0,2700.0,70000000000.0
0723,n,0.0,0.0,0.0,3.0,2700.0,70000000000.0
0724,n,0.0,0.0,0.0,3.0,2700.0,70000000000.0
0725,n,0.0,0.0,0.0,3.0,2700.0,70000000000.0
0726,n,0.0,0.0,0.0,3.0,2700.0,70000000000.0
0727,n,0.0,0.0,0.0,3.0,2700.0,70000000000.0
0728,n,0.0,0.0,0.0,3.0,2701.8719177405605,69874748201.74438
0729,n,0.0,0.0,0.0,3.0,2700.0,70000000000.0
0730,n,0.0,0.0,0.0,3.0,2700.0,70000000000.0
0731,n,0.0,0.0,0.0,3.0,2698.92998834807,70105557546.69179
0732,n,0.0,0.0,0.0,3.0,2700.0,70000000000.0
0733,n,0.0,0.0,0.0,3.0,2700.0,70000000000.0
0734,n,0.0,0.0,0.0,3.0,2700.0,70000000000.0
0735,n,0.0,0.0,0.0,3.0,2699.5328587002014,69963297420.56271
0736,n,0.0,0.0,0.0,3.0,2700.0,70000000000.0
0737,n,0.0,0.0,0.0,3.0,2700.0,70000000000.0
0738,n,0.0,0.0,0.0,3.0,2700.0,70000000000.0
0739,n,0.0,0.0,0.0,3.0,2700.0,70000000000.0
0740,n,0.0,0.0,0.0,3.0,2700.0,70000000000.0
0741,n,0.0,0.0,0.0,3.0,2700.0,70000000000.0
0742,n,0.0,0.0,0.0,3.0,2700.0,70000000000.0
0743,n,0.0,0.0,0.0,3.0,2700.0,70000000000.0
0744,n,0.0,0.0,0.0,3.0,2700.0,70000000000.0
0745,n,0.0,0.0,0.0,3.0,2700.0,70000000000.0
0746,n,0.0,0.0,0.0,3.0,2700.0,70000000000.0
0747,n,0.0,0.0,0.0,3.0,2704.669893351409,69866694871.67328
0748,n,0.0,0.0,0.0,3.0,2700.0,70000000000.0
0749,n,0.0,0.0,0.0,3.0,2700.0,70000000000.0
0750,n,0.0,0.0,0.0,3.0,2700.0,70000000000.0
